[
    {
        "name": "maxmind-db/reader",
        "version": "v1.1.3",
        "version_normalized": "1.1.3.0",
        "source": {
            "type": "git",
            "url": "https://github.com/maxmind/MaxMind-DB-Reader-php.git",
            "reference": "7eeccf61b078bb23bb07b1a151a7e5db52871e65"
        },
        "dist": {
            "type": "zip",
            "url": "https://api.github.com/repos/maxmind/MaxMind-DB-Reader-php/zipball/7eeccf61b078bb23bb07b1a151a7e5db52871e65",
            "reference": "7eeccf61b078bb23bb07b1a151a7e5db52871e65",
            "shasum": ""
        },
        "require": {
            "php": ">=5.3.1"
        },
        "require-dev": {
            "phpunit/phpunit": "4.2.*",
            "satooshi/php-coveralls": "1.0.*",
            "squizlabs/php_codesniffer": "2.*"
        },
        "suggest": {
            "ext-bcmath": "bcmath or gmp is requred for decoding larger integers with the pure PHP decoder",
            "ext-gmp": "bcmath or gmp is requred for decoding larger integers with the pure PHP decoder",
            "ext-maxminddb": "A C-based database decoder that provides significantly faster lookups"
        },
        "time": "2017-01-19T23:49:38+00:00",
        "type": "library",
        "installation-source": "dist",
        "autoload": {
            "psr-4": {
                "MaxMind\\Db\\": "src/MaxMind/Db"
            }
        },
        "notification-url": "https://packagist.org/downloads/",
        "license": [
            "Apache-2.0"
        ],
        "authors": [
            {
                "name": "Gregory J. Oschwald",
                "email": "goschwald@maxmind.com",
                "homepage": "http://www.maxmind.com/"
            }
        ],
        "description": "MaxMind DB Reader API",
        "homepage": "https://github.com/maxmind/MaxMind-DB-Reader-php",
        "keywords": [
            "database",
            "geoip",
            "geoip2",
            "geolocation",
            "maxmind"
        ]
    },
    {
        "name": "maxmind/web-service-common",
        "version": "v0.4.0",
        "version_normalized": "0.4.0.0",
        "source": {
            "type": "git",
            "url": "https://github.com/maxmind/web-service-common-php.git",
            "reference": "622f7c732a7f9c4c62497fc103939e042b6bdb88"
        },
        "dist": {
            "type": "zip",
            "url": "https://api.github.com/repos/maxmind/web-service-common-php/zipball/622f7c732a7f9c4c62497fc103939e042b6bdb88",
            "reference": "622f7c732a7f9c4c62497fc103939e042b6bdb88",
            "shasum": ""
        },
        "require": {
            "composer/ca-bundle": "^1.0.3",
            "ext-curl": "*",
            "ext-json": "*",
            "php": ">=5.4"
        },
        "require-dev": {
            "friendsofphp/php-cs-fixer": "2.*",
            "phpunit/phpunit": "4.*",
            "squizlabs/php_codesniffer": "3.*"
        },
        "time": "2017-07-06T17:48:21+00:00",
        "type": "library",
        "installation-source": "dist",
        "autoload": {
            "psr-4": {
                "MaxMind\\Exception\\": "src/Exception",
                "MaxMind\\WebService\\": "src/WebService"
            }
        },
        "notification-url": "https://packagist.org/downloads/",
        "license": [
            "Apache-2.0"
        ],
        "authors": [
            {
                "name": "Gregory Oschwald",
                "email": "goschwald@maxmind.com"
            }
        ],
        "description": "Internal MaxMind Web Service API",
        "homepage": "https://github.com/maxmind/web-service-common-php"
    },
    {
        "name": "geoip2/geoip2",
        "version": "v2.6.0",
        "version_normalized": "2.6.0.0",
        "source": {
            "type": "git",
            "url": "https://github.com/maxmind/GeoIP2-php.git",
            "reference": "9f6f1edf9901fed5cd692dd260333bf52091acd3"
        },
        "dist": {
            "type": "zip",
            "url": "https://api.github.com/repos/maxmind/GeoIP2-php/zipball/9f6f1edf9901fed5cd692dd260333bf52091acd3",
            "reference": "9f6f1edf9901fed5cd692dd260333bf52091acd3",
            "shasum": ""
        },
        "require": {
            "maxmind-db/reader": "~1.0",
            "maxmind/web-service-common": "~0.4",
            "php": ">=5.4"
        },
        "require-dev": {
            "apigen/apigen": "*",
            "friendsofphp/php-cs-fixer": "2.*",
            "phpunit/phpunit": "4.*",
            "squizlabs/php_codesniffer": "3.*"
        },
        "time": "2017-07-10T17:59:43+00:00",
        "type": "library",
        "installation-source": "dist",
        "autoload": {
            "psr-4": {
                "GeoIp2\\": "src"
            }
        },
        "notification-url": "https://packagist.org/downloads/",
        "license": [
            "Apache-2.0"
        ],
        "authors": [
            {
                "name": "Gregory J. Oschwald",
                "email": "goschwald@maxmind.com",
                "homepage": "http://www.maxmind.com/"
            }
        ],
        "description": "MaxMind GeoIP2 PHP API",
        "homepage": "https://github.com/maxmind/GeoIP2-php",
        "keywords": [
            "IP",
            "geoip",
            "geoip2",
            "geolocation",
            "maxmind"
        ]
    },
    {
        "name": "composer/ca-bundle",
        "version": "1.0.8",
        "version_normalized": "1.0.8.0",
        "source": {
            "type": "git",
            "url": "https://github.com/composer/ca-bundle.git",
            "reference": "9dd73a03951357922d8aee6cc084500de93e2343"
        },
        "dist": {
            "type": "zip",
            "url": "https://api.github.com/repos/composer/ca-bundle/zipball/9dd73a03951357922d8aee6cc084500de93e2343",
            "reference": "9dd73a03951357922d8aee6cc084500de93e2343",
            "shasum": ""
        },
        "require": {
            "ext-openssl": "*",
            "ext-pcre": "*",
            "php": "^5.3.2 || ^7.0"
        },
        "require-dev": {
            "phpunit/phpunit": "^4.5",
            "psr/log": "^1.0",
            "symfony/process": "^2.5 || ^3.0"
        },
        "suggest": {
            "symfony/process": "This is necessary to reliably check whether openssl_x509_parse is vulnerable on older php versions, but can be ignored on PHP 5.5.6+"
        },
        "time": "2017-09-11T07:24:36+00:00",
        "type": "library",
        "extra": {
            "branch-alias": {
                "dev-master": "1.x-dev"
            }
        },
        "installation-source": "dist",
        "autoload": {
            "psr-4": {
                "Composer\\CaBundle\\": "src"
            }
        },
        "notification-url": "https://packagist.org/downloads/",
        "license": [
            "MIT"
        ],
        "authors": [
            {
                "name": "Jordi Boggiano",
                "email": "j.boggiano@seld.be",
                "homepage": "http://seld.be"
            }
        ],
        "description": "Lets you find a path to the system CA bundle, and includes a fallback to the Mozilla CA bundle.",
        "keywords": [
            "cabundle",
            "cacert",
            "certificate",
            "ssl",
            "tls"
        ]
    }
]
